{"cameraMode":{"drawMode":0,"name":"Shaded","section":"Shading Mode"},"sceneLighting":false,"audioPlay":false,"sceneViewState":{"showFog":true,"showMaterialUpdate":true,"showSkybox":false,"showFlares":true,"showImageEffects":true,"showParticleSystems":true},"in2DMode":false,"pivot":{"x":-1.8206558227539063,"y":-2.0288429260253908,"z":-6.165843963623047},"rotation":{"x":-0.004324800334870815,"y":0.4368489980697632,"z":-0.002104163868352771,"w":-0.8995245695114136},"size":188.513916015625,"orthographic":false}