{"cameraMode":{"drawMode":0,"name":"Shaded","section":"Shading Mode"},"sceneLighting":false,"audioPlay":false,"sceneViewState":{"showFog":true,"showMaterialUpdate":true,"showSkybox":false,"showFlares":true,"showImageEffects":true,"showParticleSystems":true},"in2DMode":false,"pivot":{"x":-1.9693183898925782,"y":-1.5168342590332032,"z":-0.4711952209472656},"rotation":{"x":-0.015245890244841576,"y":0.09046293795108795,"z":-0.0013883033534511924,"w":-0.9957848787307739},"size":48.904048919677737,"orthographic":false}