{"cameraMode":{"drawMode":0,"name":"Shaded","section":"Shading Mode"},"sceneLighting":true,"audioPlay":false,"sceneViewState":{"showFog":true,"showMaterialUpdate":true,"showSkybox":true,"showFlares":true,"showImageEffects":true,"showParticleSystems":true},"in2DMode":false,"pivot":{"x":-1.1400370597839356,"y":-1.4000177383422852,"z":0.0},"rotation":{"x":-0.11786697804927826,"y":-0.1049606204032898,"z":0.012525007128715516,"w":-0.9873907566070557},"size":21.904102325439454,"orthographic":false}