{"cameraMode":{"drawMode":0,"name":"Shaded","section":"Shading Mode"},"sceneLighting":false,"audioPlay":false,"sceneViewState":{"showFog":true,"showMaterialUpdate":true,"showSkybox":false,"showFlares":true,"showImageEffects":true,"showParticleSystems":true},"in2DMode":false,"pivot":{"x":-7.982114315032959,"y":-1.5404094457626343,"z":5.371890068054199},"rotation":{"x":-0.14683403074741364,"y":0.6650705337524414,"z":-0.1357235610485077,"w":-0.7195135951042175},"size":5.195009708404541,"orthographic":false}