{"cameraMode":{"drawMode":0,"name":"Shaded","section":"Shading Mode"},"sceneLighting":false,"audioPlay":false,"sceneViewState":{"showFog":true,"showMaterialUpdate":true,"showSkybox":false,"showFlares":true,"showImageEffects":true,"showParticleSystems":true},"in2DMode":false,"pivot":{"x":3.852576732635498,"y":-0.5,"z":4.707780838012695},"rotation":{"x":-0.015245890244841576,"y":0.09046293795108795,"z":-0.0013883033534511924,"w":-0.9957848787307739},"size":1.951791763305664,"orthographic":false}