{"cameraMode":{"drawMode":0,"name":"Shaded","section":"Shading Mode"},"sceneLighting":true,"audioPlay":false,"sceneViewState":{"showFog":true,"showMaterialUpdate":true,"showSkybox":true,"showFlares":true,"showImageEffects":true,"showParticleSystems":true},"in2DMode":false,"pivot":{"x":2.556772232055664,"y":-3.935335874557495,"z":8.935718536376954},"rotation":{"x":-0.07650438696146012,"y":-0.07709802687168122,"z":0.005933554843068123,"w":-0.9940670132637024},"size":31.023723602294923,"orthographic":false}